<?xml version="1.0" encoding="UTF-8"?>
<!DOCTYPE mapper PUBLIC "-//mybatis.org//DTD Mapper 3.0//EN" "http://mybatis.org/dtd/mybatis-3-mapper.dtd">
<mapper namespace="kr.dao.pik.ArticleMapper">
	<select id="articleAllList" resultType="kr.entity.pik.Article">
		select * from t_article order by b_seq desc
	</select>
	<select id="articleView" parameterType="int" resultType="kr.entity.pik.Article" >
		select * from t_article where b_seq=#{b_seq}
	</select>
	<update id="articleCountUpdate" parameterType="int">
		update t_article set  b_cnt=b_cnt+1 where b_seq=#{b_seq}
	</update>
	<update id="articleUpdate" parameterType="kr.entity.pik.Article">
		update t_article set b_title=#{b_title}, b_content=#{b_content}, b_date=sysdate where b_seq=#{b_seq}
	</update>
	<insert id="articleWrite" parameterType="kr.entity.pik.Article">
		insert into t_article values
		(#{b_title}, #{b_content}, sysdate, #{b_file}, #{m_id}, 0)
	</insert>
	<select id="getArticleSeq" parameterType="kr.entity.pik.Article" resultType="int">
		select max(b_seq) from t_article where m_id = #{m_id}
	</select>
</mapper>