<?xml version="1.0" encoding="UTF-8"?>
<!DOCTYPE mapper PUBLIC "-//mybatis.org//DTD Mapper 3.0//EN" "http://mybatis.org/dtd/mybatis-3-mapper.dtd">
<mapper namespace="kr.dao.pik.MemberMapper">

	<insert id="register" parameterType="kr.entity.pik.Member">
		insert into t_member values(#{m_id},#{m_pw},#{m_name},#{m_birthdate},#{m_gender},#{m_email},sysdate,#{m_type},#{m_nickname},#{m_profile})

	</insert>
	<select id="logIn" parameterType="kr.entity.pik.Member" resultType="kr.entity.pik.Member">
		select * from t_member where m_id=#{m_id} and m_pw=#{m_pw}
	</select>
	<insert id="registerFavorite">
		insert into t_member_favs(m_id,taste_seq,aroma_seq,from_seq,country_cd) values(#{m_id}, #{taste_seq}, #{aroma_seq}, #{from_seq}, #{country_cd})
	</insert>
	<select id="doubleCheck" resultType="kr.entity.pik.Member">
		select * from t_member where m_id=#{m_id}
	</select>
</mapper>